"Local del archivo",Puesto,Motivo,"Local inactivo que coincide","Locales activos parecidos"
"Corazón de Jesús","Auspicio Corazón de Jesús abajo del Comunicador","nombre consolidado: el local no existe",,
"CC. LAS AMERICAS",CONDOMINIO,"nombre consolidado: el local no existe",,"170 CC. TERMINAL — TERRENO VALDIO"
"CC. LAS AMERICAS",GARITA,"nombre consolidado: el local no existe",,"170 CC. TERMINAL — TERRENO VALDIO"
"CC. PLAZA ORELLANA","PARQUEADERO ACCESO","nombre consolidado: el local no existe",,"170 CC. TERMINAL — TERRENO VALDIO"
"CENTRO RECREACIONAL","Control de acceso","nombre consolidado: el local no existe",,"53 JBGYE CENTRO RECREACIONAL SUR | 63 JBGYE GARZOCENTRO | 95 DHL MANTA CENTRO"
"Ciudad Deportiva Garita Principal","Garita Principal","local retirado por la lista de locales","122 — Ciudad Deportiva Garita Principal","77 JBGYE CIUDAD DEPORTIVA"
"DHL AEROPUERTO GYE","puesto 1","local retirado por la lista de locales","155 — DHL AEROPUERTO GYE","60 DHL FISICA UIO | 29 DHL MANTA | 30 DHL AMBATO"
"DHL MECANO","puesto 1","local retirado por la lista de locales","154 — DHL MECANO","60 DHL FISICA UIO | 29 DHL MANTA | 30 DHL AMBATO"
"DHL MECANOS — puesto 1","puesto 1","local retirado por la lista de locales","180 — DHL MECANOS — puesto 1","60 DHL FISICA UIO | 29 DHL MANTA | 30 DHL AMBATO"
C.C.TERMINAL,Galarmobil,"nombre consolidado: el local no existe",,
"Panteón Metropolitano Vía a la Costa","Garita 3","nombre consolidado: el local no existe",,"120 Panteón Metropolitano Garita Principal"
GARZOCENTRO,"puesto 1","local retirado por la lista de locales","128 — GARZOCENTRO","63 JBGYE GARZOCENTRO"
GARZOCENTRO,"ALA CENTRO","local retirado por la lista de locales","128 — GARZOCENTRO","63 JBGYE GARZOCENTRO"
GARZOCENTRO,"ALA NORTE","local retirado por la lista de locales","128 — GARZOCENTRO","63 JBGYE GARZOCENTRO"
GARZOCENTRO,"ALA SUR","local retirado por la lista de locales","128 — GARZOCENTRO","63 JBGYE GARZOCENTRO"
GARZOCENTRO,"PATIO COMIDAS","local retirado por la lista de locales","128 — GARZOCENTRO","63 JBGYE GARZOCENTRO"
"HOGAR CORAZON JESUS",GARITA,"nombre consolidado: el local no existe",,"49 JBGYE HOGAR CORAZON DE JESUS | 196 HOGAR CALDERON AYLUARDO"
"HOGAR CORAZON JESUS","PUERTA #15","nombre consolidado: el local no existe",,"49 JBGYE HOGAR CORAZON DE JESUS | 196 HOGAR CALDERON AYLUARDO"
INC,"CONSULTA EXTERNA","nombre consolidado: el local no existe",,"120 Panteón Metropolitano Garita Principal | 57 JBGYE INC | 89 LA FABRIL MANTA GARITA PRINCIPAL"
INC,EMERGENCIA,"nombre consolidado: el local no existe",,"120 Panteón Metropolitano Garita Principal | 57 JBGYE INC | 89 LA FABRIL MANTA GARITA PRINCIPAL"
INC,"GARITA VEHICULAR","nombre consolidado: el local no existe",,"120 Panteón Metropolitano Garita Principal | 57 JBGYE INC | 89 LA FABRIL MANTA GARITA PRINCIPAL"
"JBGYE CHAM","puesto 1","local retirado por la lista de locales","64 — JBGYE CHAM","48 JBGYE CEMENTERIO | 49 JBGYE HOGAR CORAZON DE JESUS | 51 JBGYE CONDOMINIO AROSEMENA"
"JBGYE CNT","puesto 1","local retirado por la lista de locales","55 — JBGYE CNT","48 JBGYE CEMENTERIO | 49 JBGYE HOGAR CORAZON DE JESUS | 51 JBGYE CONDOMINIO AROSEMENA"
NEUROCIENCIAS,"CONSULTA EXTERNA","nombre consolidado: el local no existe",,"203 NEUROCIENCIAS — CONTROL GARITA PRINCIPAL"
NEUROCIENCIAS,"CONTROL GARITA PRINCIPAL","nombre consolidado: el local no existe",,"203 NEUROCIENCIAS — CONTROL GARITA PRINCIPAL"
"OFICINA CENTRAL","Ascensor privado","nombre consolidado: el local no existe",,"79 JBGYE OFICINA CENTRAL | 22 Oficina Garzota "
"OFICINA CENTRAL","CONSULTA EXTERNA","nombre consolidado: el local no existe",,"79 JBGYE OFICINA CENTRAL | 22 Oficina Garzota "
"OFICINA CENTRAL","Control accesos Ascensor","nombre consolidado: el local no existe",,"79 JBGYE OFICINA CENTRAL | 22 Oficina Garzota "
"PANTEON METROPOLITANO",GARITA,"nombre consolidado: el local no existe",,"52 JBGYE PANTEON METROPOLITANO"
"PANTEON METROPOLITANO","Garita Principal","nombre consolidado: el local no existe",,"52 JBGYE PANTEON METROPOLITANO"
"Plaza Ceibos","Cerca de las Escaleras","nombre consolidado: el local no existe",,"65 JBGYE C.C. PLAZA VERNAZA | 70 JBGYE PLAZA CEIBOS | 74 JBGYE PLAZA ORELLANA"
SANTISTEVAN,GARITA,"nombre consolidado: el local no existe",,"78 JBGYE U.E DOMINGO DE SANTISTEVAN"
SWISSPORT,CARGA,"nombre consolidado: el local no existe",,"61 SWISSPORT MONITOREO | 80 SWISSPORT MATRIZ | 81 SWISSPORT ZONA TRANSFERENCIA"
SWISSPORT,COURIER,"nombre consolidado: el local no existe",,"61 SWISSPORT MONITOREO | 80 SWISSPORT MATRIZ | 81 SWISSPORT ZONA TRANSFERENCIA"
SWISSPORT,MATRIZ,"nombre consolidado: el local no existe",,"61 SWISSPORT MONITOREO | 80 SWISSPORT MATRIZ | 81 SWISSPORT ZONA TRANSFERENCIA"
SWISSPORT,MONITOREO,"nombre consolidado: el local no existe",,"61 SWISSPORT MONITOREO | 80 SWISSPORT MATRIZ | 81 SWISSPORT ZONA TRANSFERENCIA"
SWISSPORT,"ZONA TRANSFERENCIA","nombre consolidado: el local no existe",,"61 SWISSPORT MONITOREO | 80 SWISSPORT MATRIZ | 81 SWISSPORT ZONA TRANSFERENCIA"
"TOTAL SECURITY GYE","TOTAL SECURITY GYE","local retirado por la lista de locales","85 — TOTAL SECURITY GYE",
"TOTAL SECURITY GYE",garita3,"local retirado por la lista de locales","85 — TOTAL SECURITY GYE",
"TOTAL SECURITY UIO","TOTAL SECURITY UIO","local retirado por la lista de locales","86 — TOTAL SECURITY UIO",
